Rozmiar,Metoda,Operacja,Przypadek,Czas_ns
1000,sondowanie_liniowe,dodawanie,optymistyczny,102
1000,sondowanie_liniowe,dodawanie,sredni,103
1000,sondowanie_liniowe,dodawanie,pesymistyczny,326
1000,sondowanie_liniowe,szukanie,optymistyczny,101
1000,sondowanie_liniowe,szukanie,sredni,113
1000,sondowanie_liniowe,szukanie,pesymistyczny,187
1000,sondowanie_liniowe,usuwanie,optymistyczny,109
1000,sondowanie_liniowe,usuwanie,sredni,123
1000,sondowanie_liniowe,usuwanie,pesymistyczny,199
1000,lancuchowanie,dodawanie,optymistyczny,182
1000,lancuchowanie,dodawanie,sredni,221
1000,lancuchowanie,dodawanie,pesymistyczny,208
1000,lancuchowanie,szukanie,optymistyczny,74
1000,lancuchowanie,szukanie,sredni,63
1000,lancuchowanie,szukanie,pesymistyczny,73
1000,lancuchowanie,usuwanie,optymistyczny,142
1000,lancuchowanie,usuwanie,sredni,94
1000,lancuchowanie,usuwanie,pesymistyczny,111
1000,robin_hood,dodawanie,optymistyczny,45
1000,robin_hood,dodawanie,sredni,46
1000,robin_hood,dodawanie,pesymistyczny,231
1000,robin_hood,szukanie,optymistyczny,43
1000,robin_hood,szukanie,sredni,44
1000,robin_hood,szukanie,pesymistyczny,76
1000,robin_hood,usuwanie,optymistyczny,44
1000,robin_hood,usuwanie,sredni,48
1000,robin_hood,usuwanie,pesymistyczny,67
1000,sondowanie_kwadratowe,dodawanie,optymistyczny,44
1000,sondowanie_kwadratowe,dodawanie,sredni,54
1000,sondowanie_kwadratowe,dodawanie,pesymistyczny,93
1000,sondowanie_kwadratowe,szukanie,optymistyczny,41
1000,sondowanie_kwadratowe,szukanie,sredni,44
1000,sondowanie_kwadratowe,szukanie,pesymistyczny,86
1000,sondowanie_kwadratowe,usuwanie,optymistyczny,50
1000,sondowanie_kwadratowe,usuwanie,sredni,48
1000,sondowanie_kwadratowe,usuwanie,pesymistyczny,95
2000,sondowanie_liniowe,dodawanie,optymistyczny,49
2000,sondowanie_liniowe,dodawanie,sredni,57
2000,sondowanie_liniowe,dodawanie,pesymistyczny,111
2000,sondowanie_liniowe,szukanie,optymistyczny,44
2000,sondowanie_liniowe,szukanie,sredni,56
2000,sondowanie_liniowe,szukanie,pesymistyczny,96
2000,sondowanie_liniowe,usuwanie,optymistyczny,52
2000,sondowanie_liniowe,usuwanie,sredni,66
2000,sondowanie_liniowe,usuwanie,pesymistyczny,101
2000,lancuchowanie,dodawanie,optymistyczny,230
2000,lancuchowanie,dodawanie,sredni,191
2000,lancuchowanie,dodawanie,pesymistyczny,261
2000,lancuchowanie,szukanie,optymistyczny,94
2000,lancuchowanie,szukanie,sredni,75
2000,lancuchowanie,szukanie,pesymistyczny,83
2000,lancuchowanie,usuwanie,optymistyczny,118
2000,lancuchowanie,usuwanie,sredni,112
2000,lancuchowanie,usuwanie,pesymistyczny,125
2000,robin_hood,dodawanie,optymistyczny,53
2000,robin_hood,dodawanie,sredni,51
2000,robin_hood,dodawanie,pesymistyczny,225
2000,robin_hood,szukanie,optymistyczny,42
2000,robin_hood,szukanie,sredni,43
2000,robin_hood,szukanie,pesymistyczny,88
2000,robin_hood,usuwanie,optymistyczny,56
2000,robin_hood,usuwanie,sredni,54
2000,robin_hood,usuwanie,pesymistyczny,80
2000,sondowanie_kwadratowe,dodawanie,optymistyczny,49
2000,sondowanie_kwadratowe,dodawanie,sredni,51
2000,sondowanie_kwadratowe,dodawanie,pesymistyczny,103
2000,sondowanie_kwadratowe,szukanie,optymistyczny,49
2000,sondowanie_kwadratowe,szukanie,sredni,43
2000,sondowanie_kwadratowe,szukanie,pesymistyczny,91
2000,sondowanie_kwadratowe,usuwanie,optymistyczny,58
2000,sondowanie_kwadratowe,usuwanie,sredni,56
2000,sondowanie_kwadratowe,usuwanie,pesymistyczny,95
5000,sondowanie_liniowe,dodawanie,optymistyczny,49
5000,sondowanie_liniowe,dodawanie,sredni,50
5000,sondowanie_liniowe,dodawanie,pesymistyczny,137
5000,sondowanie_liniowe,szukanie,optymistyczny,49
5000,sondowanie_liniowe,szukanie,sredni,46
5000,sondowanie_liniowe,szukanie,pesymistyczny,114
5000,sondowanie_liniowe,usuwanie,optymistyczny,49
5000,sondowanie_liniowe,usuwanie,sredni,53
5000,sondowanie_liniowe,usuwanie,pesymistyczny,121
5000,lancuchowanie,dodawanie,optymistyczny,229
5000,lancuchowanie,dodawanie,sredni,217
5000,lancuchowanie,dodawanie,pesymistyczny,269
5000,lancuchowanie,szukanie,optymistyczny,104
5000,lancuchowanie,szukanie,sredni,77
5000,lancuchowanie,szukanie,pesymistyczny,88
5000,lancuchowanie,usuwanie,optymistyczny,138
5000,lancuchowanie,usuwanie,sredni,129
5000,lancuchowanie,usuwanie,pesymistyczny,135
5000,robin_hood,dodawanie,optymistyczny,44
5000,robin_hood,dodawanie,sredni,43
5000,robin_hood,dodawanie,pesymistyczny,144
5000,robin_hood,szukanie,optymistyczny,44
5000,robin_hood,szukanie,sredni,45
5000,robin_hood,szukanie,pesymistyczny,79
5000,robin_hood,usuwanie,optymistyczny,46
5000,robin_hood,usuwanie,sredni,49
5000,robin_hood,usuwanie,pesymistyczny,69
5000,sondowanie_kwadratowe,dodawanie,optymistyczny,54
5000,sondowanie_kwadratowe,dodawanie,sredni,55
5000,sondowanie_kwadratowe,dodawanie,pesymistyczny,86
5000,sondowanie_kwadratowe,szukanie,optymistyczny,43
5000,sondowanie_kwadratowe,szukanie,sredni,43
5000,sondowanie_kwadratowe,szukanie,pesymistyczny,83
5000,sondowanie_kwadratowe,usuwanie,optymistyczny,58
5000,sondowanie_kwadratowe,usuwanie,sredni,55
5000,sondowanie_kwadratowe,usuwanie,pesymistyczny,95
10000,sondowanie_liniowe,dodawanie,optymistyczny,59
10000,sondowanie_liniowe,dodawanie,sredni,58
10000,sondowanie_liniowe,dodawanie,pesymistyczny,115
10000,sondowanie_liniowe,szukanie,optymistyczny,49
10000,sondowanie_liniowe,szukanie,sredni,50
10000,sondowanie_liniowe,szukanie,pesymistyczny,163
10000,sondowanie_liniowe,usuwanie,optymistyczny,63
10000,sondowanie_liniowe,usuwanie,sredni,70
10000,sondowanie_liniowe,usuwanie,pesymistyczny,185
10000,lancuchowanie,dodawanie,optymistyczny,246
10000,lancuchowanie,dodawanie,sredni,295
10000,lancuchowanie,dodawanie,pesymistyczny,316
10000,lancuchowanie,szukanie,optymistyczny,114
10000,lancuchowanie,szukanie,sredni,83
10000,lancuchowanie,szukanie,pesymistyczny,87
10000,lancuchowanie,usuwanie,optymistyczny,131
10000,lancuchowanie,usuwanie,sredni,129
10000,lancuchowanie,usuwanie,pesymistyczny,140
10000,robin_hood,dodawanie,optymistyczny,90
10000,robin_hood,dodawanie,sredni,86
10000,robin_hood,dodawanie,pesymistyczny,209
10000,robin_hood,szukanie,optymistyczny,45
10000,robin_hood,szukanie,sredni,44
10000,robin_hood,szukanie,pesymistyczny,80
10000,robin_hood,usuwanie,optymistyczny,90
10000,robin_hood,usuwanie,sredni,95
10000,robin_hood,usuwanie,pesymistyczny,107
10000,sondowanie_kwadratowe,dodawanie,optymistyczny,69
10000,sondowanie_kwadratowe,dodawanie,sredni,76
10000,sondowanie_kwadratowe,dodawanie,pesymistyczny,88
10000,sondowanie_kwadratowe,szukanie,optymistyczny,54
10000,sondowanie_kwadratowe,szukanie,sredni,45
10000,sondowanie_kwadratowe,szukanie,pesymistyczny,107
10000,sondowanie_kwadratowe,usuwanie,optymistyczny,73
10000,sondowanie_kwadratowe,usuwanie,sredni,72
10000,sondowanie_kwadratowe,usuwanie,pesymistyczny,131
20000,sondowanie_liniowe,dodawanie,optymistyczny,92
20000,sondowanie_liniowe,dodawanie,sredni,96
20000,sondowanie_liniowe,dodawanie,pesymistyczny,136
20000,sondowanie_liniowe,szukanie,optymistyczny,49
20000,sondowanie_liniowe,szukanie,sredni,43
20000,sondowanie_liniowe,szukanie,pesymistyczny,115
20000,sondowanie_liniowe,usuwanie,optymistyczny,96
20000,sondowanie_liniowe,usuwanie,sredni,96
20000,sondowanie_liniowe,usuwanie,pesymistyczny,167
20000,lancuchowanie,dodawanie,optymistyczny,539
20000,lancuchowanie,dodawanie,sredni,460
20000,lancuchowanie,dodawanie,pesymistyczny,836
20000,lancuchowanie,szukanie,optymistyczny,234
20000,lancuchowanie,szukanie,sredni,127
20000,lancuchowanie,szukanie,pesymistyczny,151
20000,lancuchowanie,usuwanie,optymistyczny,442
20000,lancuchowanie,usuwanie,sredni,290
20000,lancuchowanie,usuwanie,pesymistyczny,307
20000,robin_hood,dodawanie,optymistyczny,79
20000,robin_hood,dodawanie,sredni,77
20000,robin_hood,dodawanie,pesymistyczny,270
20000,robin_hood,szukanie,optymistyczny,52
20000,robin_hood,szukanie,sredni,61
20000,robin_hood,szukanie,pesymistyczny,90
20000,robin_hood,usuwanie,optymistyczny,107
20000,robin_hood,usuwanie,sredni,111
20000,robin_hood,usuwanie,pesymistyczny,123
20000,sondowanie_kwadratowe,dodawanie,optymistyczny,82
20000,sondowanie_kwadratowe,dodawanie,sredni,81
20000,sondowanie_kwadratowe,dodawanie,pesymistyczny,105
20000,sondowanie_kwadratowe,szukanie,optymistyczny,53
20000,sondowanie_kwadratowe,szukanie,sredni,45
20000,sondowanie_kwadratowe,szukanie,pesymistyczny,107
20000,sondowanie_kwadratowe,usuwanie,optymistyczny,84
20000,sondowanie_kwadratowe,usuwanie,sredni,79
20000,sondowanie_kwadratowe,usuwanie,pesymistyczny,152
50000,sondowanie_liniowe,dodawanie,optymistyczny,72
50000,sondowanie_liniowe,dodawanie,sredni,75
50000,sondowanie_liniowe,dodawanie,pesymistyczny,82
50000,sondowanie_liniowe,szukanie,optymistyczny,58
50000,sondowanie_liniowe,szukanie,sredni,51
50000,sondowanie_liniowe,szukanie,pesymistyczny,50
50000,sondowanie_liniowe,usuwanie,optymistyczny,83
50000,sondowanie_liniowe,usuwanie,sredni,88
50000,sondowanie_liniowe,usuwanie,pesymistyczny,78
50000,lancuchowanie,dodawanie,optymistyczny,1394
50000,lancuchowanie,dodawanie,sredni,1146
50000,lancuchowanie,dodawanie,pesymistyczny,1180
50000,lancuchowanie,szukanie,optymistyczny,690
50000,lancuchowanie,szukanie,sredni,278
50000,lancuchowanie,szukanie,pesymistyczny,124
50000,lancuchowanie,usuwanie,optymistyczny,649
50000,lancuchowanie,usuwanie,sredni,526
50000,lancuchowanie,usuwanie,pesymistyczny,545
50000,robin_hood,dodawanie,optymistyczny,80
50000,robin_hood,dodawanie,sredni,70
50000,robin_hood,dodawanie,pesymistyczny,83
50000,robin_hood,szukanie,optymistyczny,48
50000,robin_hood,szukanie,sredni,46
50000,robin_hood,szukanie,pesymistyczny,43
50000,robin_hood,usuwanie,optymistyczny,75
50000,robin_hood,usuwanie,sredni,77
50000,robin_hood,usuwanie,pesymistyczny,77
50000,sondowanie_kwadratowe,dodawanie,optymistyczny,97
50000,sondowanie_kwadratowe,dodawanie,sredni,102
50000,sondowanie_kwadratowe,dodawanie,pesymistyczny,101
50000,sondowanie_kwadratowe,szukanie,optymistyczny,52
50000,sondowanie_kwadratowe,szukanie,sredni,44
50000,sondowanie_kwadratowe,szukanie,pesymistyczny,43
50000,sondowanie_kwadratowe,usuwanie,optymistyczny,103
50000,sondowanie_kwadratowe,usuwanie,sredni,99
50000,sondowanie_kwadratowe,usuwanie,pesymistyczny,102
100000,sondowanie_liniowe,dodawanie,optymistyczny,87
100000,sondowanie_liniowe,dodawanie,sredni,87
100000,sondowanie_liniowe,dodawanie,pesymistyczny,97
100000,sondowanie_liniowe,szukanie,optymistyczny,55
100000,sondowanie_liniowe,szukanie,sredni,45
100000,sondowanie_liniowe,szukanie,pesymistyczny,45
100000,sondowanie_liniowe,usuwanie,optymistyczny,88
100000,sondowanie_liniowe,usuwanie,sredni,95
100000,sondowanie_liniowe,usuwanie,pesymistyczny,89
100000,lancuchowanie,dodawanie,optymistyczny,1679
100000,lancuchowanie,dodawanie,sredni,1716
100000,lancuchowanie,dodawanie,pesymistyczny,1515
100000,lancuchowanie,szukanie,optymistyczny,571
100000,lancuchowanie,szukanie,sredni,293
100000,lancuchowanie,szukanie,pesymistyczny,126
100000,lancuchowanie,usuwanie,optymistyczny,665
100000,lancuchowanie,usuwanie,sredni,606
100000,lancuchowanie,usuwanie,pesymistyczny,556
100000,robin_hood,dodawanie,optymistyczny,80
100000,robin_hood,dodawanie,sredni,79
100000,robin_hood,dodawanie,pesymistyczny,76
100000,robin_hood,szukanie,optymistyczny,46
100000,robin_hood,szukanie,sredni,42
100000,robin_hood,szukanie,pesymistyczny,43
100000,robin_hood,usuwanie,optymistyczny,84
100000,robin_hood,usuwanie,sredni,87
100000,robin_hood,usuwanie,pesymistyczny,86
100000,sondowanie_kwadratowe,dodawanie,optymistyczny,95
100000,sondowanie_kwadratowe,dodawanie,sredni,96
100000,sondowanie_kwadratowe,dodawanie,pesymistyczny,92
100000,sondowanie_kwadratowe,szukanie,optymistyczny,53
100000,sondowanie_kwadratowe,szukanie,sredni,48
100000,sondowanie_kwadratowe,szukanie,pesymistyczny,45
100000,sondowanie_kwadratowe,usuwanie,optymistyczny,98
100000,sondowanie_kwadratowe,usuwanie,sredni,99
100000,sondowanie_kwadratowe,usuwanie,pesymistyczny,98
